ph,Hardness,Solids,Chloramines,Sulfate,Conductivity,Organic_carbon,Trihalomethanes,Turbidity,Is_Potable_By_Normes
6.87,187.13,305.62,1.35,165.05,421.59,9.28,29.97,3.06,1
7.74,153.89,339.46,1.06,130.01,449.29,6.22,38.5,1.19,1
7.8,216.43,375.0,1.01,173.05,225.04,8.75,59.7,4.25,1
7.59,188.32,399.95,1.01,191.94,396.25,10.77,42.82,3.9,1
6.99,224.49,302.35,2.14,202.08,309.92,6.52,43.77,4.83,1
7.7,258.73,323.54,1.95,193.35,432.14,8.2,63.61,1.04,1
8.45,238.12,232.93,1.27,110.48,380.64,7.46,52.33,0.51,1
7.49,118.3,462.42,2.93,118.47,307.31,11.5,59.5,4.47,1
6.93,253.08,267.01,3.52,113.97,300.91,12.76,27.68,4.58,1
8.32,90.02,378.2,2.32,204.32,238.14,4.85,61.53,3.59,1
6.95,236.19,476.39,3.09,111.26,268.31,3.65,35.45,0.58,1
8.21,262.56,453.1,3.6,177.91,249.83,6.56,39.98,1.43,1
8.18,138.76,432.0,3.96,236.43,469.82,5.74,67.78,1.67,1
8.02,199.27,266.21,3.12,133.49,325.29,14.18,46.48,2.72,1
7.14,201.57,149.65,2.01,119.35,219.27,9.81,39.26,1.45,1
7.39,157.49,180.61,3.84,180.52,462.4,11.08,68.31,0.83,1
6.66,183.56,444.0,1.57,133.6,374.15,2.62,10.96,1.39,1
7.28,257.17,355.64,3.01,165.61,223.13,11.52,41.0,2.81,1
7.82,222.96,412.82,2.07,110.88,340.58,13.82,68.08,1.42,1
7.12,275.01,260.51,3.35,197.8,211.08,11.01,51.45,0.76,1
6.75,144.07,107.37,2.97,141.75,241.85,6.89,36.29,1.11,1
7.96,226.06,243.12,2.39,100.12,396.22,3.36,40.69,2.72,1
8.31,252.98,132.52,1.31,153.53,404.24,7.29,52.65,2.6,1
8.23,122.16,388.53,1.03,202.51,400.8,14.33,20.94,2.94,1
7.83,228.25,445.33,3.9,125.24,397.02,2.14,38.89,0.77,1
6.76,192.43,214.07,3.63,137.29,309.29,2.71,52.0,4.74,1
7.86,229.93,167.37,3.62,148.85,211.09,11.56,77.71,2.28,1
7.64,80.3,422.09,1.45,210.5,338.01,2.76,34.59,3.09,1
6.68,82.92,300.15,3.99,228.42,273.03,10.98,78.8,1.26,1
6.57,213.47,125.15,3.78,145.75,349.42,9.61,20.37,2.44,1
7.44,96.26,209.62,3.95,170.67,399.0,3.11,47.76,4.57,1
7.01,136.94,243.69,1.54,164.55,321.38,7.03,25.1,3.59,1
7.2,256.92,159.16,1.03,110.79,258.76,12.12,15.71,4.75,1
8.35,172.91,335.69,3.9,126.85,204.95,9.49,24.83,4.32,1
7.96,144.14,477.44,2.16,149.13,225.47,3.96,28.51,3.79,1
8.1,169.29,196.21,2.98,219.07,394.74,9.5,39.7,1.14,1
6.74,253.47,294.71,1.91,211.24,402.63,3.39,58.16,1.07,1
8.24,177.71,469.78,2.89,177.15,364.21,4.0,68.03,3.61,1
7.24,196.65,447.83,3.76,108.19,364.12,9.82,15.13,4.66,1
6.6,102.64,217.44,3.88,109.92,339.06,7.08,61.25,2.91,1
7.38,82.81,145.64,2.35,152.65,445.86,11.8,30.93,2.45,1
6.9,134.13,313.25,1.69,223.27,298.59,6.46,55.02,1.74,1
6.76,254.58,287.67,3.0,192.8,414.27,10.16,39.66,1.57,1
7.6,251.49,273.87,2.61,162.75,360.64,5.47,47.85,2.71,1
7.16,179.09,100.86,1.22,137.38,440.04,3.79,39.11,3.66,1
6.9,267.81,481.89,1.82,168.93,327.64,3.45,37.07,1.48,1
6.54,194.05,302.33,1.04,141.29,323.83,7.32,22.97,0.58,1
6.8,206.28,341.85,1.52,139.65,277.37,10.17,46.11,2.68,1
7.11,163.65,344.1,1.08,217.37,225.05,12.09,39.94,0.83,1
6.6,221.34,220.51,1.6,151.4,299.49,9.07,28.57,3.01,1
8.32,198.15,435.77,3.32,123.83,326.37,13.3,62.09,0.6,1
6.67,152.92,445.74,2.29,225.78,288.25,8.17,63.32,1.83,1
7.86,231.64,437.29,3.09,137.32,329.97,10.47,29.41,4.86,1
7.53,211.29,148.83,1.73,185.75,450.24,5.13,43.0,3.19,1
7.82,122.31,164.45,3.62,207.22,287.92,8.58,78.21,4.22,1
6.53,245.73,387.18,1.51,232.8,208.76,7.47,36.21,0.59,1
7.29,220.43,137.19,2.19,230.63,239.36,4.02,18.34,0.65,1
8.07,268.41,328.93,2.28,217.24,271.88,9.61,58.94,1.82,1
7.7,163.78,146.38,2.42,155.41,230.63,6.0,29.74,0.85,1
8.16,142.8,161.21,3.23,115.81,346.48,12.35,57.86,2.32,1
7.64,239.06,408.7,1.32,170.95,349.6,9.21,66.4,2.48,1
8.49,245.05,471.64,1.59,179.18,223.91,10.14,65.63,1.5,1
7.42,192.06,218.66,3.95,210.37,460.32,13.47,54.98,2.65,1
8.32,85.54,489.71,1.61,210.5,214.38,2.61,37.14,4.44,1
7.24,160.59,307.13,1.51,185.94,413.83,11.23,29.69,4.79,1
7.45,198.55,153.42,1.8,211.16,313.25,4.99,36.11,0.99,1
8.22,226.53,282.57,2.34,137.96,417.61,13.29,73.56,1.51,1
6.79,152.04,436.99,1.77,153.47,267.1,11.88,68.82,1.6,1
7.13,175.06,232.74,3.2,233.07,351.62,5.43,29.92,4.42,1
7.03,210.64,262.96,3.5,193.65,240.76,4.36,36.56,1.95,1
8.06,259.14,403.57,2.45,144.76,264.33,2.59,38.49,3.14,1
8.19,104.11,152.48,3.94,193.33,359.15,5.59,76.5,4.02,1
8.11,165.02,219.41,2.6,221.36,213.18,10.1,13.7,1.89,1
8.42,93.17,289.83,3.72,232.2,397.52,11.07,76.85,2.35,1
6.8,140.59,323.58,3.35,168.19,257.12,4.88,72.72,4.51,1
8.31,86.33,421.32,3.15,118.1,425.8,3.41,76.06,1.54,1
7.94,139.7,136.27,1.55,152.42,408.1,9.08,47.78,1.88,1
6.76,182.83,168.81,2.9,224.28,468.77,3.33,15.28,4.2,1
7.89,178.93,411.68,3.73,231.42,358.34,12.73,38.45,1.56,1
7.16,189.65,138.28,1.38,229.92,390.65,6.56,69.04,4.51,1
7.8,246.45,408.04,1.09,147.13,264.37,6.31,16.14,0.73,1
8.34,147.9,274.9,1.18,136.97,326.92,7.21,52.72,1.18,1
6.56,114.46,277.52,2.62,103.87,410.16,3.3,26.95,1.87,1
8.2,90.34,161.02,3.78,199.43,200.95,2.05,68.7,1.31,1
7.66,113.83,408.48,2.5,164.97,361.03,2.75,70.21,4.62,1
6.58,148.95,479.22,2.33,145.88,319.99,10.72,66.49,2.15,1
8.29,205.55,396.5,1.31,140.5,303.62,6.94,55.93,4.66,1
7.81,132.83,290.72,3.54,196.14,281.3,8.78,41.56,4.35,1
6.62,131.61,186.82,3.56,137.9,336.66,2.37,50.46,0.5,1
8.22,246.09,230.51,1.4,130.72,307.39,9.45,75.64,2.71,1
7.16,102.95,214.19,3.38,125.33,427.95,6.97,48.42,2.7,1
7.65,144.74,129.21,3.76,134.81,216.19,2.16,47.55,1.45,1
8.13,184.36,233.77,3.13,155.49,365.39,6.22,22.71,4.27,1
7.43,178.06,460.99,2.5,123.14,437.72,4.48,67.57,4.12,1
7.95,272.88,489.51,1.32,183.86,266.64,13.27,72.29,3.85,1
7.03,190.89,365.15,3.24,209.51,261.77,7.65,69.77,3.54,1
6.96,228.6,208.69,3.11,142.25,443.23,13.43,18.1,4.38,1
8.13,95.25,367.93,3.37,212.26,473.07,12.95,28.6,2.31,1
6.77,275.38,159.5,1.23,143.9,449.69,6.23,64.11,1.81,1
6.79,166.64,274.48,1.96,149.62,362.86,6.72,53.3,3.85,1
6.74,132.6,200.95,1.85,220.23,449.57,3.21,63.16,2.21,1
7.27,177.62,163.18,3.42,237.07,255.31,12.25,25.4,4.35,1
8.4,243.34,192.31,1.52,126.99,237.62,7.32,28.39,3.99,1
7.13,198.56,149.55,2.78,140.97,360.4,11.87,19.84,2.23,1
7.81,136.31,174.92,1.8,139.04,236.03,10.6,20.51,2.08,1
7.21,110.6,249.89,3.42,122.9,246.93,2.83,74.02,1.38,1
7.91,231.43,165.88,2.24,218.43,294.78,3.67,67.11,4.53,1
8.24,238.53,355.63,3.59,189.11,315.98,3.7,36.89,3.88,1
8.35,125.23,354.15,3.74,102.3,462.87,11.02,23.89,1.54,1
7.97,177.65,174.89,2.92,225.44,417.43,4.15,28.09,0.81,1
7.73,166.76,116.38,2.75,201.0,206.81,3.07,70.68,1.08,1
8.23,82.5,239.4,3.24,233.01,250.42,2.02,77.64,4.02,1
7.33,129.35,399.19,1.87,205.62,202.43,14.09,70.37,2.11,1
6.91,215.87,259.38,3.15,180.12,302.93,6.39,21.54,2.81,1
6.75,147.59,175.14,3.23,143.71,277.83,8.75,58.49,1.69,1
7.43,247.9,148.94,1.29,238.35,264.23,13.22,70.6,3.59,1
6.53,176.77,325.06,2.82,106.49,282.44,8.2,49.51,2.53,1
8.17,233.94,301.48,3.21,173.05,310.45,10.24,60.81,2.14,1
7.61,228.49,310.45,1.58,157.62,406.72,8.08,18.21,2.88,1
8.16,137.24,176.9,2.32,210.96,422.6,2.08,14.73,0.66,1
6.57,137.98,486.75,3.52,111.17,410.43,8.96,26.26,1.21,1
6.58,120.34,459.85,1.22,166.67,434.29,6.62,39.8,0.56,1
7.54,147.75,290.89,1.12,232.52,309.47,3.3,24.54,3.65,1
6.59,147.21,377.53,2.02,238.16,419.78,12.82,11.49,2.76,1
6.6,262.77,260.71,1.19,182.01,408.74,11.13,58.96,4.77,1
8.42,126.39,159.72,1.94,154.28,290.59,5.42,39.02,1.64,1
8.13,267.59,455.91,2.36,173.7,317.31,12.73,32.26,3.75,1
7.04,231.2,125.06,3.1,234.48,348.93,2.61,49.02,0.63,1
7.06,93.34,396.14,3.47,171.82,357.56,2.53,23.79,0.96,1
7.86,210.2,466.15,1.54,222.51,279.58,9.87,65.77,3.93,1
7.34,83.03,254.78,2.31,181.75,353.98,12.6,14.41,2.47,1
8.06,101.36,179.61,1.54,235.94,338.29,3.87,53.7,3.41,1
7.81,143.38,266.51,3.41,100.18,267.7,4.65,19.52,2.66,1
7.46,199.24,443.76,3.96,149.02,369.58,6.74,59.91,3.97,1
6.51,234.69,239.25,2.97,107.42,474.58,3.38,58.55,1.39,1
7.05,167.77,292.55,2.09,118.27,201.53,11.85,43.49,1.59,1
6.77,224.36,387.63,2.27,127.75,360.78,13.1,22.71,1.21,1
7.37,212.56,210.25,2.58,179.3,380.13,6.5,50.16,4.7,1
8.49,138.22,266.13,3.58,151.83,464.77,12.72,51.21,0.7,1
6.56,102.67,480.82,3.66,216.66,243.91,3.98,16.57,1.21,1
7.48,235.95,483.03,1.34,171.8,364.69,9.96,70.27,3.11,1
7.0,231.67,448.55,1.59,180.3,214.57,10.03,34.93,0.69,1
7.55,83.94,187.09,3.98,108.89,269.35,3.66,23.49,1.54,1
7.33,132.15,389.93,1.72,150.07,341.4,11.87,52.34,1.32,1
7.36,101.4,293.07,1.8,220.2,200.76,10.17,62.73,2.89,1
6.78,205.26,462.74,3.69,143.77,206.91,10.76,12.73,1.84,1
7.98,237.96,289.56,1.3,116.49,436.26,13.3,44.32,1.54,1
7.27,177.83,268.44,3.29,106.03,249.32,10.12,12.61,3.7,1
6.97,174.54,146.41,1.03,160.84,365.3,5.03,39.04,4.15,1
7.91,207.27,404.95,3.65,152.99,218.42,2.33,67.43,1.0,1
7.9,270.43,306.31,1.99,169.78,387.28,10.19,39.21,1.7,1
7.03,208.06,377.45,3.99,169.47,236.89,9.42,53.86,2.51,1
6.87,133.26,242.07,1.64,231.35,250.73,11.22,30.19,1.15,1
7.11,163.27,438.46,1.59,203.75,243.15,13.65,52.81,2.42,1
7.47,146.72,421.59,3.51,217.38,211.35,6.4,50.19,1.9,1
8.07,234.94,398.69,1.58,111.66,208.25,10.13,51.51,4.86,1
6.59,170.35,152.04,2.06,196.79,359.67,9.23,47.76,4.59,1
8.46,162.62,335.84,3.26,186.65,373.54,13.88,27.24,2.17,1
8.21,254.71,459.01,1.2,111.24,434.59,4.42,77.04,1.69,1
6.81,150.18,463.9,1.5,232.81,440.34,10.31,77.02,1.41,1
7.17,156.9,258.42,1.42,220.26,479.65,13.3,21.99,1.88,1
7.26,176.91,217.14,2.64,156.03,274.43,13.91,48.97,4.28,1
8.24,127.68,370.02,2.85,112.36,468.46,3.97,12.95,1.87,1
7.6,192.62,412.32,2.5,119.15,385.09,13.47,42.81,2.36,1
8.1,175.34,140.26,3.85,183.14,362.61,2.45,69.19,2.27,1
6.62,163.34,325.55,2.84,187.33,354.12,10.81,46.72,1.55,1
6.57,143.13,434.33,3.67,188.93,327.82,9.42,47.04,3.89,1
7.68,274.83,423.94,1.19,175.93,476.7,4.91,72.62,4.1,1
6.58,85.89,401.61,3.18,173.15,424.84,11.41,33.19,3.4,1
7.51,193.58,167.28,2.39,225.39,451.42,8.38,58.29,2.45,1
8.18,249.4,239.51,1.3,159.61,383.51,6.12,54.99,4.2,1
7.72,245.71,279.57,1.4,232.44,367.63,12.21,24.33,4.06,1
7.59,101.91,397.13,1.09,135.25,342.12,9.64,14.3,3.06,1
6.68,143.02,408.44,3.01,225.98,424.33,5.07,20.19,2.15,1
7.28,171.41,254.71,1.96,181.42,464.14,6.63,74.35,3.66,1
7.83,252.32,247.94,2.94,103.55,334.2,7.05,68.02,3.51,1
6.59,269.32,111.18,3.17,117.42,224.39,10.62,68.78,2.96,1
7.86,151.5,227.92,2.56,214.53,379.06,13.88,25.53,2.7,1
7.68,212.74,198.97,3.14,188.14,270.94,10.87,35.04,3.92,1
7.17,130.57,202.32,2.26,174.35,399.35,12.91,48.62,1.87,1
7.45,244.97,245.33,2.27,118.17,438.01,5.27,51.74,4.86,1
7.37,222.6,244.92,3.59,154.7,470.19,7.07,33.55,1.19,1
6.69,208.49,273.59,1.51,168.01,224.78,7.38,51.82,1.41,1
6.91,116.94,324.69,3.74,193.03,355.16,10.22,68.6,3.76,1
7.02,221.37,289.52,3.19,133.03,312.98,10.16,66.15,1.66,1
8.08,278.9,391.0,3.77,129.72,462.9,5.87,77.63,3.54,1
8.14,181.5,182.42,3.94,162.38,300.57,3.54,62.52,3.04,1
7.19,167.62,345.93,2.4,109.21,235.39,10.49,19.88,1.92,1
8.34,254.11,488.89,1.18,194.3,386.49,6.52,44.84,1.32,1
7.1,88.46,116.66,3.32,198.95,317.89,13.94,30.27,4.42,1
8.14,108.78,423.28,1.96,173.27,385.47,2.86,15.25,2.23,1
8.1,102.46,255.25,1.59,107.32,477.8,11.19,65.72,2.83,1
7.43,206.21,385.81,3.56,205.13,303.0,11.41,54.48,3.2,1
6.72,127.26,242.03,3.1,218.98,350.86,6.23,10.29,3.38,1
8.27,257.4,286.03,2.82,189.62,291.45,12.45,39.76,4.33,1
8.24,175.37,366.06,1.71,230.58,464.22,7.32,69.6,1.07,1
7.52,208.99,293.25,1.5,100.8,283.96,2.36,23.74,1.92,1
6.79,103.08,441.22,3.03,167.8,264.06,14.06,27.67,3.09,1
8.49,203.02,428.86,2.36,168.78,236.02,11.81,20.28,3.51,1
6.7,259.84,411.6,2.64,237.76,440.45,12.54,72.17,4.89,1
6.89,117.36,190.79,3.05,159.52,335.49,6.02,57.74,1.41,1
7.17,110.5,367.62,3.92,197.3,449.29,6.53,43.13,0.56,1
7.8,279.79,341.92,3.2,209.25,313.37,6.27,22.04,4.81,1
7.92,233.95,380.13,1.73,233.83,311.73,6.87,41.01,1.07,1
6.93,183.85,358.98,1.42,145.56,270.65,13.46,55.22,1.62,1
7.41,199.46,467.79,2.29,182.52,370.44,2.14,45.05,3.46,1
6.62,162.32,325.22,1.93,158.47,356.95,11.8,70.91,1.61,1
8.02,200.72,308.56,1.21,234.6,422.28,4.07,24.22,4.66,1
6.75,136.22,387.82,1.93,166.89,244.68,13.22,55.46,4.43,1
7.73,189.09,328.54,1.69,145.6,351.04,12.44,62.57,2.14,1
7.85,135.54,385.67,2.34,222.47,261.12,5.21,12.57,2.61,1
7.1,271.94,294.79,2.34,218.06,424.87,9.64,71.34,1.57,1
6.85,169.88,458.21,1.16,224.94,329.32,13.89,32.88,2.93,1
7.34,234.45,311.63,1.41,230.69,467.32,3.36,21.62,1.37,1
7.44,99.07,266.64,3.7,197.12,413.08,8.53,63.76,0.7,1
8.29,276.0,356.63,1.46,221.06,430.52,12.22,34.93,0.7,1
6.64,162.82,126.62,1.01,195.03,377.9,7.2,52.96,1.51,1
7.54,94.65,208.34,3.51,231.41,295.23,7.8,42.48,3.53,1
8.14,172.74,398.17,3.44,191.7,293.83,9.08,22.48,3.65,1
6.51,196.11,322.26,1.78,122.6,267.72,6.72,54.55,2.45,1
6.68,143.06,285.75,2.26,223.35,287.35,9.31,14.39,0.97,1
7.86,259.42,189.53,1.25,189.7,392.83,10.78,37.37,3.46,1
7.94,277.59,199.63,1.13,133.13,410.58,9.48,57.37,3.98,1
7.14,182.87,400.96,3.97,143.72,324.26,13.09,31.08,4.81,1
6.87,277.1,397.23,3.82,198.69,322.61,4.82,44.75,0.72,1
6.57,102.74,448.75,1.49,116.96,417.53,8.76,60.8,4.59,1
6.67,256.57,305.29,2.3,239.81,415.69,7.39,30.1,4.41,1
8.02,248.21,279.32,3.03,147.27,471.95,10.5,41.31,2.4,1
7.37,115.2,441.7,2.33,212.89,394.87,3.61,50.71,2.35,1
6.89,220.57,464.02,2.99,213.41,394.09,9.97,14.01,4.88,1
8.45,166.25,410.81,2.8,210.3,405.09,10.56,77.2,1.04,1
8.35,270.9,348.89,2.48,112.93,349.47,11.31,41.51,2.64,1
7.17,234.67,158.38,1.29,149.31,254.74,7.74,73.52,2.49,1
8.38,197.18,139.23,1.09,135.61,401.78,10.27,71.89,2.6,1
8.28,103.62,202.19,1.67,131.76,255.09,13.28,24.9,3.24,1
7.58,179.01,312.71,1.49,146.21,373.95,10.39,50.19,3.85,1
7.03,236.62,230.75,2.25,110.74,452.42,11.7,34.51,3.31,1
8.11,163.5,236.5,2.88,170.34,408.67,12.31,50.5,3.3,1
7.33,168.95,197.96,2.25,177.08,357.57,13.29,20.99,2.28,1
7.78,113.89,310.61,1.84,115.2,369.32,13.88,38.28,3.11,1
8.42,214.13,485.57,1.15,135.74,378.18,13.67,40.44,2.87,1
7.1,199.07,281.12,2.84,195.17,218.02,12.33,37.94,2.22,1
7.69,128.85,182.7,2.35,164.64,343.57,12.63,65.98,4.36,1
7.12,214.69,120.56,2.06,217.46,399.74,7.75,60.55,3.76,1
7.7,172.56,481.42,1.46,222.77,461.56,11.9,27.13,4.41,1
8.01,262.63,369.93,1.57,159.96,284.44,14.05,63.89,1.55,1
7.33,196.7,212.04,1.19,218.21,258.78,6.66,10.73,4.08,1
6.81,150.6,432.55,1.87,169.65,319.11,10.64,32.14,1.24,1
7.69,190.63,300.16,2.0,170.78,463.7,6.94,78.36,0.94,1
6.83,272.23,279.73,2.52,146.18,473.24,3.46,73.08,1.39,1
8.44,212.87,248.72,1.55,173.77,363.75,12.49,21.46,3.35,1
6.74,102.29,188.04,3.58,145.73,454.7,5.11,58.5,2.78,1
6.89,212.59,352.89,3.35,235.11,313.19,10.62,48.46,2.68,1
8.04,258.26,252.41,1.49,224.47,453.75,3.16,55.79,4.03,1
7.83,182.52,384.39,2.83,137.29,225.33,3.11,11.8,3.31,1
6.51,200.66,107.93,3.87,238.8,389.54,2.8,22.52,1.58,1
7.41,154.73,218.98,2.02,121.23,386.31,2.46,13.86,4.84,1
6.84,145.4,248.61,1.36,144.6,216.02,11.8,36.3,2.19,1
7.7,275.19,305.73,3.88,111.06,370.29,6.13,77.93,2.16,1
8.22,144.72,220.61,2.77,134.32,280.75,2.85,51.4,4.48,1
6.64,88.7,138.6,1.41,121.93,411.55,9.88,24.89,4.76,1
6.92,153.47,263.88,2.72,150.57,342.13,9.93,62.97,3.28,1
8.3,82.96,336.45,2.44,156.14,318.05,4.68,11.77,3.99,1
8.39,259.7,477.51,1.25,112.35,240.44,13.06,57.76,2.23,1
8.41,107.25,430.95,3.98,233.68,338.7,9.48,30.14,4.84,1
8.12,104.91,368.14,3.7,175.29,396.64,5.75,76.71,2.61,1
7.44,134.09,121.68,2.53,102.67,238.31,8.5,14.52,3.76,1
6.65,203.55,281.69,2.23,172.15,283.99,12.7,17.86,3.45,1
6.81,133.94,354.05,3.19,221.85,403.78,10.92,29.71,2.94,1
6.65,152.62,226.56,2.51,165.6,352.19,12.27,34.29,4.54,1
7.13,174.27,180.95,1.79,103.96,281.68,9.51,43.97,1.67,1
7.22,276.6,304.86,3.38,126.2,363.47,5.68,28.63,4.33,1
7.4,176.83,399.76,3.86,199.67,313.33,11.92,46.6,4.11,1
6.79,238.24,432.98,3.97,127.47,345.13,12.37,76.23,2.05,1
7.1,258.4,440.35,3.4,161.75,301.66,6.5,75.07,3.62,1
8.35,163.37,239.89,3.33,125.31,260.66,12.9,23.47,1.09,1
7.33,174.81,116.89,1.44,123.12,258.09,7.64,69.84,0.6,1
6.98,151.34,282.63,1.51,137.95,309.76,5.84,77.65,3.51,1
7.17,81.12,210.04,2.68,155.53,332.51,8.98,36.51,3.55,1
6.71,275.52,195.84,1.24,147.93,413.7,6.02,28.14,1.13,1
8.46,135.32,153.65,1.5,117.27,236.65,6.21,18.02,1.16,1
6.83,249.72,208.28,3.19,200.64,347.4,10.43,36.18,1.2,1
7.62,88.66,108.59,1.36,105.86,440.33,12.77,24.71,4.15,1
8.16,213.65,147.37,3.99,114.45,462.45,11.61,66.64,3.99,1
7.31,153.75,185.27,3.15,171.19,403.01,11.21,60.33,3.96,1
7.7,149.68,398.23,2.12,121.75,370.15,9.75,33.74,2.08,1
6.54,198.61,210.07,3.5,125.08,466.56,11.37,78.7,2.24,1
7.27,238.53,109.98,1.23,181.49,283.83,8.64,41.02,2.1,1
8.21,224.7,450.69,3.23,183.23,290.16,11.2,46.39,4.25,1
7.2,81.32,475.99,2.46,196.92,291.65,12.18,42.02,1.99,1
7.37,155.65,355.23,3.19,134.07,324.14,13.42,67.47,0.55,1
6.98,259.41,335.71,2.37,191.54,350.98,2.81,24.52,4.12,1
7.83,184.42,159.08,1.48,145.55,306.7,12.41,59.44,0.93,1
8.04,101.47,281.66,2.11,226.76,301.9,13.17,19.45,3.25,1
8.2,129.3,396.4,1.82,184.87,386.28,4.3,24.88,3.64,1
7.52,148.78,245.0,3.02,104.04,255.61,3.8,55.4,4.36,1
6.96,275.65,146.09,2.0,226.49,434.74,4.73,73.57,4.37,1
7.32,239.51,136.53,3.51,124.3,461.86,13.18,20.45,1.12,1
7.39,223.43,277.88,1.95,107.4,208.27,12.18,64.09,4.3,1
8.5,232.12,163.91,3.14,229.0,465.28,8.87,12.19,1.37,1
7.59,118.87,340.86,3.14,169.0,260.08,10.24,36.31,2.0,1
7.65,155.15,175.04,3.56,226.52,450.0,11.01,36.52,2.31,1
6.99,132.19,367.57,3.84,131.69,478.48,6.74,36.82,4.79,1
7.28,134.84,291.58,1.34,124.6,244.03,4.16,73.7,1.39,1
8.17,150.36,355.74,2.83,209.6,281.59,9.91,60.09,3.54,1
7.28,178.73,336.83,1.01,236.17,406.57,12.21,48.08,0.75,1
7.89,275.77,335.66,2.98,128.51,268.96,2.54,59.87,2.5,1
6.79,262.28,186.14,1.83,137.83,334.88,14.3,32.88,1.4,1
6.83,149.68,338.26,3.99,163.31,295.32,2.12,36.56,0.76,1
6.66,129.39,164.9,3.67,235.87,429.06,9.76,58.88,3.98,1
8.24,147.68,404.16,3.92,112.16,417.43,7.19,24.33,2.4,1
7.25,157.91,421.34,2.06,104.12,269.15,10.23,11.0,3.02,1
7.25,161.3,214.88,3.91,226.84,294.71,9.87,45.14,0.54,1
7.31,87.87,300.97,1.51,145.29,275.98,4.27,54.97,4.05,1
8.5,201.8,204.19,1.29,186.03,201.19,9.83,42.46,3.44,1
6.85,227.89,444.98,1.1,131.65,462.47,10.12,68.71,1.97,1
7.65,171.45,338.36,2.1,178.39,389.44,10.9,61.44,3.93,1
7.95,170.69,355.14,1.22,125.14,464.1,10.26,52.16,1.07,1
8.01,109.1,114.81,1.35,166.69,338.64,9.12,68.58,1.62,1
6.53,248.14,113.11,3.64,118.86,431.6,4.51,49.51,1.71,1
8.07,248.88,439.95,1.2,124.13,394.03,10.46,47.12,1.31,1
8.34,247.56,441.91,2.47,135.62,350.59,9.24,76.31,0.73,1
8.23,166.43,376.68,3.28,219.68,379.43,8.37,18.91,3.49,1
7.43,191.87,424.47,1.58,131.61,331.51,3.97,69.07,2.78,1
8.24,140.82,254.21,1.55,177.11,418.59,10.94,39.79,4.25,1
8.01,211.88,365.25,3.75,136.87,327.92,8.64,55.43,1.21,1
6.97,96.0,177.27,1.19,155.36,315.6,7.07,25.27,3.08,1
7.03,146.73,257.65,2.47,101.62,375.9,9.09,45.08,3.11,1
6.87,90.62,252.28,2.34,192.08,365.72,8.04,15.01,2.89,1
7.18,207.4,110.5,2.18,105.57,473.73,2.87,61.06,1.26,1
7.45,177.18,131.32,1.17,101.4,463.78,7.21,29.15,3.28,1
6.75,206.03,327.21,3.34,191.34,364.2,3.88,78.16,0.59,1
7.63,128.61,338.9,2.29,109.88,438.18,2.42,22.4,3.28,1
8.07,227.5,265.78,2.31,104.47,437.84,2.18,46.74,2.27,1
7.28,269.0,385.85,2.41,176.04,312.49,3.24,72.91,2.05,1
7.55,236.22,174.14,2.68,194.86,283.33,4.17,26.79,1.36,1
7.25,197.68,432.44,3.43,139.93,234.06,12.37,64.47,1.04,1
7.57,152.14,341.19,3.63,192.19,277.77,13.06,28.68,1.33,1
7.1,247.3,321.51,3.11,191.02,433.49,4.78,65.94,1.73,1
8.15,169.53,378.57,3.93,157.72,348.58,10.39,21.36,1.45,1
7.18,265.28,399.06,3.02,186.0,286.6,9.09,11.46,4.33,1
7.06,247.42,314.02,1.32,158.76,203.39,3.66,33.86,1.84,1
6.61,107.56,148.05,2.36,110.5,468.18,13.43,28.59,3.73,1
7.44,242.56,348.7,1.28,225.44,248.15,14.05,69.34,2.99,1
7.95,255.63,350.99,1.76,134.03,289.79,4.01,20.88,4.19,1
8.2,99.89,453.37,2.68,170.46,301.14,3.76,75.92,4.87,1
7.04,192.32,140.05,2.34,147.9,339.23,12.63,59.34,3.62,1
8.1,201.61,287.14,2.49,237.55,276.61,10.8,19.76,4.69,1
8.34,175.82,427.65,3.56,208.77,366.69,5.69,64.17,0.63,1
6.51,203.33,204.65,1.96,216.92,401.78,3.54,24.26,2.18,1
8.12,234.39,104.34,1.15,109.87,468.72,4.45,31.95,3.31,1
8.22,104.2,181.25,2.16,128.27,473.78,13.01,69.22,4.35,1
8.37,261.84,452.44,1.58,232.8,366.32,12.73,71.02,4.7,1
7.6,267.28,253.71,3.01,107.22,460.54,11.19,36.47,4.21,1
7.75,209.97,101.94,2.16,186.46,399.65,5.46,70.57,2.5,1
6.82,192.04,476.44,2.77,204.31,474.23,9.85,51.18,2.67,1
8.31,230.93,113.81,2.35,128.38,433.98,10.64,62.27,4.26,1
7.45,272.2,351.86,2.5,213.15,435.49,9.71,74.71,3.48,1
7.03,148.34,484.75,1.25,107.8,279.06,7.36,59.46,2.84,1
8.46,130.57,290.32,1.63,140.86,409.1,2.22,54.71,2.33,1
7.43,115.53,249.22,1.89,153.26,233.42,3.49,15.94,0.99,1
7.62,271.18,411.54,3.85,104.36,380.4,2.14,65.45,3.42,1
8.18,194.21,202.18,3.78,141.44,238.34,14.23,48.48,0.63,1
7.4,177.83,248.22,1.99,168.28,456.73,7.11,38.5,1.68,1
7.39,103.5,304.46,3.78,238.57,241.79,2.14,52.27,0.68,1
6.96,130.25,133.75,1.56,166.92,455.07,2.91,61.05,1.86,1
6.95,141.51,355.36,1.63,178.32,404.04,8.92,24.83,1.4,1
7.81,87.48,140.77,3.74,136.38,342.03,8.16,18.2,1.97,1
8.08,179.99,208.54,2.03,132.4,305.63,3.19,28.23,3.98,1
6.61,126.11,355.67,2.57,185.6,351.39,6.09,41.1,1.72,1
6.84,223.68,125.97,2.35,166.92,399.67,7.16,24.01,1.6,1
6.88,151.34,286.67,1.79,150.3,379.93,3.3,54.69,1.48,1
8.06,249.31,249.38,3.52,105.75,421.94,5.05,13.41,0.82,1
7.64,115.1,175.53,1.56,169.17,251.05,3.72,21.88,1.26,1
7.83,230.39,268.84,3.1,103.33,459.87,10.13,18.89,4.29,1
8.27,159.34,405.62,2.61,204.48,366.64,8.2,63.74,3.45,1
7.46,133.13,425.06,3.19,171.4,247.51,13.8,69.62,2.79,1
7.95,171.26,460.13,3.1,217.96,450.76,4.85,17.48,2.67,1
7.47,221.45,152.24,3.61,206.84,222.13,12.0,46.95,3.61,1
6.6,183.26,142.59,1.9,214.86,309.57,6.36,73.57,4.77,1
8.02,209.84,210.41,3.1,214.89,214.78,3.97,27.2,3.71,1
8.08,121.04,211.34,3.51,118.26,406.31,9.29,11.05,1.07,1
8.18,225.96,358.14,1.09,115.73,226.03,4.56,61.63,2.09,1
7.02,210.27,142.59,1.57,209.93,395.35,5.6,42.62,1.46,1
7.57,274.61,208.85,3.8,129.4,274.64,2.24,57.57,3.71,1
7.34,227.3,236.59,3.05,123.47,442.11,4.49,12.39,3.82,1
7.52,240.95,155.32,3.16,160.75,428.08,11.06,65.73,1.7,1
7.95,252.89,344.05,3.47,179.4,471.46,7.19,26.35,3.33,1
8.19,86.77,363.06,1.3,154.5,252.82,7.12,29.66,1.55,1
6.79,250.37,418.27,3.75,189.59,265.38,11.59,16.8,3.86,1
7.47,160.25,342.24,2.55,164.65,210.41,2.74,16.24,0.87,1
8.2,162.71,482.6,1.3,189.92,396.48,5.15,14.53,2.73,1
6.99,130.18,483.03,1.45,168.73,233.32,4.92,44.88,0.55,1
7.01,275.42,286.66,3.5,182.99,391.38,3.26,50.98,3.98,1
7.13,229.15,274.59,1.21,128.99,438.15,5.65,27.39,3.87,1
7.39,203.62,336.43,1.25,172.31,258.08,6.93,42.03,3.91,1
7.42,205.11,475.8,3.99,156.16,417.28,3.26,78.03,0.58,1
6.94,96.48,402.47,1.71,216.89,444.71,11.72,38.04,1.36,1
8.32,167.83,105.17,3.1,198.56,394.44,9.81,29.11,4.6,1
7.5,136.93,183.04,3.61,163.99,305.11,13.11,50.96,2.41,1
8.15,176.3,431.1,2.66,205.02,284.86,5.23,12.1,0.61,1
7.6,191.26,320.75,2.12,118.7,420.37,12.57,67.04,2.46,1
7.84,213.23,351.06,2.01,222.87,451.75,5.53,38.76,2.94,1
7.97,192.64,302.83,1.38,206.69,210.36,11.58,65.18,2.42,1
7.92,114.61,290.97,1.99,156.85,272.67,14.01,20.51,1.29,1
7.72,269.2,167.04,3.83,122.27,465.26,3.15,43.83,0.62,1
8.44,160.82,226.42,3.17,156.2,256.34,5.06,65.0,2.13,1
7.0,95.55,442.81,1.15,119.78,395.36,2.44,37.8,0.54,1
7.24,134.96,215.19,3.57,169.67,301.84,4.44,18.78,4.11,1
7.4,214.73,172.2,3.61,142.87,466.53,11.2,51.45,3.54,1
6.97,208.49,211.12,1.27,221.03,285.08,13.05,38.22,3.91,1
7.51,87.19,307.59,2.8,191.32,420.3,7.27,76.84,0.72,1
8.49,146.1,206.06,3.99,115.15,309.56,3.86,53.86,4.69,1
6.98,236.26,154.49,3.46,158.7,274.54,6.25,40.22,2.17,1
8.22,122.16,267.74,3.05,142.6,208.48,2.19,36.71,4.23,1
8.44,248.32,458.5,2.58,216.45,297.05,5.0,28.03,2.12,1
8.01,120.13,444.5,3.17,202.12,391.12,7.1,35.42,4.71,1
6.79,276.85,210.83,3.55,117.88,218.48,11.82,27.36,2.31,1
7.54,116.3,177.61,3.61,109.13,442.09,5.28,56.33,0.58,1
6.53,130.54,486.45,1.86,192.03,272.49,4.42,65.97,3.07,1
6.69,186.34,300.25,1.98,135.12,310.72,11.19,49.22,1.98,1
7.16,84.79,360.75,1.21,232.52,438.9,10.67,56.86,4.18,1
7.72,139.67,463.68,1.08,149.16,460.78,13.31,34.94,3.18,1
8.48,279.64,481.63,1.88,128.13,379.76,11.28,30.15,1.59,1
7.19,104.74,108.11,1.92,122.24,253.27,10.26,34.78,2.52,1
8.2,173.64,106.72,1.25,139.75,332.75,7.0,56.19,4.84,1
7.66,87.11,424.18,2.92,199.8,463.33,6.07,24.97,2.24,1
6.86,247.31,251.95,1.81,122.36,419.74,14.45,63.85,1.39,1
6.71,223.2,452.8,2.0,176.73,245.6,10.23,23.64,3.0,1
7.01,178.5,241.86,1.29,199.46,397.56,8.79,35.61,1.14,1
8.31,105.88,463.76,1.64,203.31,224.78,3.03,20.85,2.35,1
6.91,89.3,336.34,2.32,226.25,408.96,7.79,43.47,0.78,1
7.41,197.8,150.77,1.04,238.85,231.0,12.22,19.89,2.46,1
8.04,237.28,287.43,2.14,155.66,425.6,13.94,43.71,2.76,1
7.17,183.82,278.59,3.95,212.0,468.53,13.67,28.84,4.73,1
7.4,191.94,283.6,1.4,196.56,256.1,4.42,46.71,3.23,1
7.79,211.18,359.37,2.32,225.41,427.61,4.99,74.36,3.04,1
7.46,250.72,456.56,3.39,180.99,466.95,5.82,41.69,4.29,1
7.55,192.59,146.31,3.54,106.8,399.1,5.73,41.21,3.27,1
6.85,138.55,161.86,2.2,146.91,362.01,12.75,21.5,1.61,1
8.35,218.97,340.45,2.16,193.89,444.87,13.57,18.68,1.75,1
8.12,100.24,294.48,2.65,110.46,463.51,7.63,16.3,2.61,1
7.7,219.64,131.78,1.49,120.34,203.11,4.72,69.33,3.46,1
6.71,92.53,204.09,2.07,157.6,409.25,9.69,25.88,4.83,1
6.8,188.29,172.75,2.91,184.44,262.5,2.74,67.05,2.25,1
7.8,139.42,390.6,3.14,180.18,391.59,6.24,38.08,3.42,1
7.58,191.81,114.01,2.25,132.4,231.01,9.58,24.33,1.03,1
8.34,267.88,409.52,2.41,220.07,281.58,9.49,60.94,3.58,1
7.64,142.38,395.21,2.2,152.56,305.51,4.96,25.79,3.41,1
8.01,188.21,100.36,1.93,180.08,444.85,9.67,24.75,2.35,1
8.1,188.13,110.65,3.74,127.63,459.12,6.1,25.43,3.1,1
7.83,140.53,464.23,2.01,203.77,295.73,10.7,40.33,4.55,1
7.13,267.29,277.91,2.38,217.02,252.36,10.52,63.11,2.88,1
8.35,151.71,305.77,3.17,182.77,330.95,3.8,13.29,2.35,1
6.74,193.21,484.28,1.46,125.05,263.47,7.53,72.55,1.41,1
6.56,166.85,166.62,3.06,231.17,325.93,10.27,47.63,0.63,1
7.59,143.08,429.24,1.78,109.44,249.12,4.94,43.24,2.45,1
8.3,235.65,118.96,3.47,168.4,466.85,7.09,49.28,1.53,1
6.91,220.85,141.45,1.66,219.57,364.52,7.18,28.97,2.56,1
6.6,131.78,125.97,1.67,102.58,213.1,12.99,70.06,0.85,1
6.78,207.68,438.39,1.57,183.32,259.29,4.24,71.64,2.14,1
7.2,169.56,451.2,3.42,216.29,268.82,11.59,37.85,3.73,1
8.47,122.26,226.39,3.08,177.11,409.45,3.22,78.92,2.08,1
8.32,249.23,181.98,1.89,207.74,448.02,11.78,17.81,2.11,1
6.91,92.88,389.97,2.53,110.35,440.48,12.76,41.05,2.7,1
7.88,217.3,454.86,1.02,156.09,316.03,7.41,20.13,3.33,1
7.66,193.95,347.45,1.46,221.37,215.72,5.92,12.28,1.36,1
6.75,152.49,386.99,1.33,185.66,421.19,3.22,73.06,4.76,1
8.43,158.69,425.85,3.87,127.03,390.11,12.43,63.36,1.14,1
7.65,244.2,251.46,1.74,152.82,447.65,4.34,26.22,3.92,1
6.73,115.29,294.1,2.32,137.94,476.82,12.17,59.26,4.29,1
6.75,148.38,313.93,3.48,126.83,428.01,4.24,30.18,3.74,1
7.8,221.25,215.87,1.98,201.54,457.62,10.98,20.11,4.48,1
7.68,194.58,264.3,2.47,109.08,392.39,2.3,17.66,2.63,1
7.89,147.12,432.67,2.75,214.24,301.49,8.82,18.91,1.08,1
7.91,249.0,414.56,2.87,224.59,223.33,3.76,55.38,1.14,1
6.94,267.24,257.02,3.85,196.77,346.15,9.0,20.86,3.25,1
6.77,174.2,213.78,2.13,151.46,245.46,12.11,14.13,1.84,1
8.14,129.66,144.36,2.23,143.58,389.64,5.85,65.54,4.31,1
7.49,90.24,222.58,3.51,102.83,442.87,4.11,46.37,3.07,1
7.21,194.83,221.4,2.28,184.88,276.27,11.27,40.33,1.91,1
7.19,200.84,336.82,3.07,206.52,248.53,2.31,66.23,0.55,1
6.93,185.71,260.61,2.92,234.5,270.46,11.39,58.3,3.36,1
8.43,166.24,162.01,1.95,115.41,377.69,5.5,71.6,3.26,1
6.57,150.8,423.73,1.97,158.87,440.81,5.8,60.3,3.01,1
6.99,198.07,166.97,2.16,151.84,343.78,13.44,72.17,2.84,1
8.31,104.47,428.86,3.42,198.47,446.42,2.83,32.5,2.91,1
7.31,130.45,417.56,2.45,133.81,406.58,4.5,28.17,1.39,1
7.12,197.54,128.86,3.78,100.5,410.03,6.33,36.13,3.4,1
7.76,275.5,203.61,3.43,232.49,224.79,3.79,11.85,3.05,1
6.53,226.52,193.41,2.79,193.76,213.86,10.11,54.51,2.71,1
8.23,279.65,407.73,3.53,123.45,432.77,11.94,19.43,2.73,1
6.99,148.08,156.65,3.71,229.39,301.43,2.41,67.36,4.63,1
7.97,191.85,296.48,2.96,162.77,246.58,6.51,59.94,4.34,1
6.88,264.02,371.36,3.64,165.37,214.4,2.74,74.85,2.88,1
7.08,215.59,408.22,1.69,222.45,479.67,13.07,29.58,1.21,1
6.61,87.48,428.03,3.91,183.73,372.56,4.31,56.39,4.68,1
7.26,141.81,291.01,2.04,218.3,285.51,2.91,61.06,2.88,1
8.1,213.41,166.32,3.48,220.62,303.54,4.62,15.13,3.37,1
7.59,260.61,350.83,2.65,161.56,243.58,14.47,29.59,0.7,1
